{"train_loss_step": 0.783144474029541, "train_acc_step": 0.625, "epoch": 9, "trainer/global_step": 110249, "_timestamp": 1658920530, "_runtime": 52544, "_step": 14474, "val_acc_step": 0.5, "val_loss_step": 1.0163331031799316, "val_acc_epoch": 0.725408136844635, "val_loss_epoch": 0.8299201130867004, "train_loss_epoch": 0.47651100158691406, "train_acc_epoch": 0.7691723108291626, "_wandb": {"runtime": 52544}}