{"train_loss_step": 0.2653294801712036, "train_acc_step": 0.875, "epoch": 14, "trainer/global_step": 18374, "_timestamp": 1661356061, "_runtime": 70292, "_step": 18771, "val_acc_step": 1.0, "val_loss_step": 0.052956871688365936, "val_acc_epoch": 0.9387755393981934, "val_loss_epoch": 0.1645507514476776, "train_loss_epoch": 0.1825908124446869, "train_acc_epoch": 0.9318749904632568, "_wandb": {"runtime": 70294}}