{"train_loss_step": 0.28406575322151184, "train_acc_step": 0.875, "epoch": 9, "trainer/global_step": 110249, "_timestamp": 1658862568, "_runtime": 52745, "_step": 14474, "val_acc_step": 0.75, "val_loss_step": 0.42026031017303467, "val_acc_epoch": 0.7512245178222656, "val_loss_epoch": 0.5649595260620117, "train_loss_epoch": 0.4706832766532898, "train_acc_epoch": 0.7714739441871643, "_wandb": {"runtime": 52745}}