{"train_loss_step": 0.529480516910553, "train_acc_step": 0.625, "epoch": 9, "trainer/global_step": 97999, "_timestamp": 1658805284, "_runtime": 50727, "_step": 26479, "val_acc_step": 0.75, "val_loss_step": 0.5307362079620361, "val_acc_epoch": 0.6877551078796387, "val_loss_epoch": 0.8323827385902405, "train_loss_epoch": 0.4746774733066559, "train_acc_epoch": 0.7672576308250427, "_wandb": {"runtime": 50727}}